ID,Category,Conditions,Bodies,Makes,Models,Mileage,Fuel_Types,Engine,Years,Fuel_Consumption,Transmission,Drives,Fuel_Economy,Exterior_Colors,Interior_Color,CIF_USD,Price_USD,Price_GHS,Seats,Dimensions_mm,Trim_Edition,Range_km,Power,Source,specs_json,_sourceFile,_sourceType
IZZY-AVATR-12-ULTRA-AWD-PURE-ELECTRIC-2026,EV,Brand new,Sedan,AVATR,12 Ultra AWD Pure Electric,,Pure electric,,2026,,Automatic,AWD,,,,45900,46900,726950,5,,,705,,WhatsApp Chat,{},Group_Sedans.csv,main-features-csv
IZZY-AVATR-12-MAX-PURE-ELECTRIC-2026,EV,Brand new,Sedan,AVATR,12 Max Pure Electric,,Pure electric,,2026,,Automatic,RWD,,,,42200,43200,669600,5,,,755,,WhatsApp Chat,{},Group_Sedans.csv,main-features-csv
IZZY-AVATR-12-MASTER-PURE-ELECTRIC-AWD-2026,EV,Brand new,Sedan,AVATR,12 Master Pure Electric AWD,,Pure electric,,2026,,Automatic,AWD,,,,52200,53200,824600,5,,,705,,WhatsApp Chat,{},Group_Sedans.csv,main-features-csv
IZZY-AVATR-12-ROYAL-THEATRE-2026,EV,Brand new,Sedan,AVATR,12 Royal Theatre,,Pure electric,,2026,,Automatic,AWD,,,,59600,60600,939300,5,,,705,,WhatsApp Chat,{},Group_Sedans.csv,main-features-csv
IZZY-DONGFENG-NANO-01-330-DRIVER-TRAINING-2025,EV,Used,Hatchback (Compact EV),Dongfeng,Nano 01 330 Driver Training,"1,000 km",Electric,,2025,,Automatic,FWD,,,,12730,13730,212815,4,,,,,WhatsApp Chat,{},Group_Hatchbacks.csv,main-features-csv
IZZY-DONGFENG-NANO-06-401-PRO-2025,EV,Used,Hatchback (Compact EV),Dongfeng,Nano 06 401 Pro,"6,000 km",Electric,,2025,,Automatic,FWD,,,,15600,16600,257300,4,,,,,WhatsApp Chat,{},Group_Hatchbacks.csv,main-features-csv
IZZY-DONGFENG-NANO-01-430-PLUS-SMART--2024,EV,Used,Hatchback (Compact EV),Dongfeng,Nano 01 430 Plus Smart+,"36,000 km",Electric,,2024,,Automatic,FWD,,,,13700,14700,227850,4,,,,,WhatsApp Chat,{},Group_Hatchbacks.csv,main-features-csv
IZZY-ICAR-V23-401-2WD-ADVANCED-2025,EV,Used,SUV,iCAR,V23 401 2WD Advanced,"15,000 km",Pure electric,,2025,,Automatic,2WD,,,,17500,18500,286750,5,,,401,,WhatsApp Chat,{},Group_SUVs.csv,main-features-csv
IZZY-LEAPMOTOR-T03-2026,EV,Brand new,Hatchback (Compact EV),Leapmotor,T03,,Pure electric,Electric 95hp (70kW),2026,,Single-speed,FWD,,,,11700,12700,196850,4,,,265,95 hp,WhatsApp Chat,{},Group_Hatchbacks.csv,main-features-csv
IZZY-LEAPMOTOR-T03-2025,EV,Used,Hatchback (Compact EV),Leapmotor,T03,"100-60,000 km",Electric,,2025,,Single-speed,FWD,,White,,9922,10922,169291,4,,,,,WhatsApp Chat,{},Group_Hatchbacks.csv,main-features-csv
IZZY-TOYOTA-BZ5-2026,EV,Brand new,Hatchback (Compact EV),Toyota,bZ5,,Pure electric,Electric 268hp (200kW),2026,,Single-speed,FWD,,,,25000,26000,403000,5,,,630,268 hp,WhatsApp Chat,{},Group_Hatchbacks.csv,main-features-csv
IZZY-XPENG-G9-625-LONG-RANGE-MAX-2025,EV,Used,SUV,XPeng,G9 625 Long Range Max,"4,000 km",Pure electric,,2025,,Automatic,RWD,,,,34000,35000,542500,5,,,625,,WhatsApp Chat,{},Group_SUVs.csv,main-features-csv
IZZY-XPENG-G9-725-MAX-LONG-RANGE-2025,EV,Used,SUV,XPeng,G9 725 Max Long-Range,"2,000 km",Pure electric,,2025,,Automatic,,,,,36000,37000,573500,5,,,725,,WhatsApp Chat,{},Group_SUVs.csv,main-features-csv
IZZY-XPENG-G9-625-MAX-2026,EV,Brand new,SUV,XPeng,G9 625 Max,,Pure electric,,2026,,Single-speed,RWD,,,,41000,42000,651000,5,,,625,,WhatsApp Chat,{},Group_SUVs.csv,main-features-csv
IZZY-XPENG-G9-680-MAX-2026,EV,Brand new,SUV,XPeng,G9 680 Max,,Pure electric,,2026,,Single-speed,RWD,,,,43800,44800,694400,5,,,680,,WhatsApp Chat,{},Group_SUVs.csv,main-features-csv
IZZY-XPENG-GX--3-ROW-SUV--EV-2026,EV,Brand new,SUV,XPeng,GX (3-row SUV) EV,,Pure electric,,2026,,Single-speed,,,,,48000,49000,759500,6,,,750,,WhatsApp Chat,{},Group_SUVs.csv,main-features-csv
IZZY-AITO-M9-EXTENDED-RANGE-ULTRA-52KWH-2025,Hybrid,Used,SUV,AITO,M9 Extended Range Ultra 52kWh,"3,000 km",Range extender,,2025,,Automatic,,,,,75800,76800,1190400,6,,,,,WhatsApp Chat,{},Group_SUVs.csv,main-features-csv
IZZY-AVATR-12-ULTRA-RWD-EXTENDED-RANGE-2026,Hybrid,Brand new,Sedan,AVATR,12 Ultra RWD Extended Range,,Range extender,,2026,,Automatic,RWD,,,,42200,43200,669600,5,,,356,,WhatsApp Chat,{},Group_Sedans.csv,main-features-csv
IZZY-AVATR-12-MAX-EXTENDED-RANGE-2026,Hybrid,Brand new,Sedan,AVATR,12 Max Extended Range,,Range extender,,2026,,Automatic,RWD,,,,39700,40700,630850,5,,,356,,WhatsApp Chat,{},Group_Sedans.csv,main-features-csv
IZZY-BYD-SONG-PLUS-DM-I-1-5-CHAMPION-FLAGSHIP-PLUS-2023,Hybrid,Used,SUV,BYD,Song Plus DM-i 1.5 Champion Flagship Plus,"50,000 km",Plug-in hybrid,1.5L,2023,,CVT,FWD,,,,16900,17900,277450,5,,,150,,WhatsApp Chat,{},Group_SUVs.csv,main-features-csv
IZZY-BYD-SEAL-05-DM-I-2026,Hybrid,Brand new,SUV,BYD,Seal 05 DM-i,,Plug-in hybrid,,2026,,Automatic,,,,,14000,15000,232500,5,,,128,,WhatsApp Chat,{},Group_SUVs.csv,main-features-csv
IZZY-BYD--FANGCHENGBAO--LEOPARD-8-SMART-ADVENTURE-FLAGSHIP-2025,Hybrid,Used,SUV,BYD (Fangchengbao),Leopard 8 Smart Adventure Flagship,,Plug-in hybrid,2.0T CVT 2000cc,2025,,Automatic,4WD,,,,51500,52500,813750,7,,,,,WhatsApp Chat,{},Group_SUVs.csv,main-features-csv
IZZY-BYD--FANGCHENGBAO--LEOPARD-8-ZHIYONG-FLAGSHIP-2025,Hybrid,Used,SUV,BYD (Fangchengbao),Leopard 8 Zhiyong Flagship,"45,000 km",Plug-in hybrid,2.0T CVT,2025,,Automatic,4WD,,,,50200,51200,793600,7,,,,,WhatsApp Chat,{},Group_SUVs.csv,main-features-csv
IZZY-CHANGAN-CS75-HYBRID-FLAGSHIP-2026,Hybrid,Brand new,SUV,Changan,CS75 Hybrid Flagship,,Hybrid,,2026,,Automatic,,,White / Gray,,24150,25150,389825,5,,,,,WhatsApp Chat,{},Group_SUVs.csv,main-features-csv
IZZY-CHANGAN-CS75-HYBRID-LEADING-2026,Hybrid,Brand new,SUV,Changan,CS75 Hybrid Leading,,Hybrid,,2026,,Automatic,,,White / Gray,,25600,26600,412300,5,,,,,WhatsApp Chat,{},Group_SUVs.csv,main-features-csv
IZZY-CHANGAN-DEEPAL-G318-2025,Hybrid,Brand new,SUV,Changan,Deepal G318,,Range extender,1.5T range extender,2025,,Automatic,4WD,,,,33600,34600,536300,5,,,,,WhatsApp Chat,{},Group_SUVs.csv,main-features-csv
IZZY-CHERY-TIGGO-9-C-DM-2025,Hybrid,Used,SUV,Chery,Tiggo 9 C-DM,"39,000 km",Plug-in hybrid,1.5T,2025,,Automatic,,,,,21800,22800,353400,7,,,,,WhatsApp Chat,{},Group_SUVs.csv,main-features-csv
IZZY-CHERY-TIGGO-7-C-DM-120KM-2025,Hybrid,Used,SUV,Chery,Tiggo 7 C-DM 120KM,100 km,Plug-in hybrid,1.5T,2025,,Automatic,,,,,17850,18850,292175,5,,,,120,WhatsApp Chat,{},Group_SUVs.csv,main-features-csv
IZZY-CHERY-TIGGO-9-C-DM-SUPER-ENJOY-2025-2025,Hybrid,Used,SUV,Chery,Tiggo 9 C-DM Super Enjoy 2025,"19,000-22,000 km",PHEV,1.5T,2025,,Automatic,,,Silver,,22966,23966,371473,7,,,,,WhatsApp Chat,{},Group_SUVs.csv,main-features-csv
IZZY-CHERY-TIGGO-8-PLUS-C-DM-PREMIUM-1-5T-2025,Hybrid,Used,SUV,Chery,Tiggo 8 Plus C-DM Premium 1.5T,,PHEV,1.5T,2025,,Automatic,,,Blue,,20212,21212,328786,5,,,,,WhatsApp Chat,{},Group_SUVs.csv,main-features-csv
IZZY-CHERY-FENGYUN-T8-1-5T-PRESTIGE-2025,Hybrid,Used,SUV,Chery,Fengyun T8 1.5T Prestige,"4,603 km",PHEV,1.5T,2025,,Automatic,,,Gray,,20502,21502,333281,5,,,,,WhatsApp Chat,{},Group_SUVs.csv,main-features-csv
IZZY-EXEED-LANYUE-C-DM-ULTRA-2025,Hybrid,Used,SUV,Exeed,Lanyue C-DM Ultra,"13,000 km",Plug-in hybrid,1.5T 180hp,2025,,Automatic,AWD,,,,28500,29500,457250,6,,,,,WhatsApp Chat,{},Group_SUVs.csv,main-features-csv
IZZY-EXEED-YAOGUANG-C-DM-LONG-RANGE-PRO-2024,Hybrid,Used,SUV,Exeed,Yaoguang C-DM Long-Range Pro,"63,000 km",Plug-in hybrid,1.5T,2024,,Automatic,,,,,19800,20800,322400,5,,,,,WhatsApp Chat,{},Group_SUVs.csv,main-features-csv
IZZY-GAC-TRUMPCHI-ES9-PHEV-2-0T-143KM-PRO-2023,Hybrid,Used,SUV,GAC Trumpchi,ES9 PHEV 2.0T 143km Pro,"18,000 km",Plug-in hybrid,2.0T,2023,,Automatic,,,,,25400,26400,409200,6,,,143,,WhatsApp Chat,{},Group_SUVs.csv,main-features-csv
IZZY-HAVAL-RAPTOR-HI4-1-5T-102-PRO-2024,Hybrid,Used,SUV,Haval,Raptor Hi4 1.5T 102 Pro,"8,000 km",Plug-in hybrid,1.5T,2024,,Automatic,4WD,,,,25700,26700,413850,5,,,,,WhatsApp Chat,{},Group_SUVs.csv,main-features-csv
IZZY-HONDA-CR-V-HYBRID-2WD-2021,Hybrid,Used,SUV,Honda,CR-V Hybrid 2WD,"80,000 km",Hybrid,2.0L,2021,,CVT,2WD,,,,20700,21700,336350,5,,,,,WhatsApp Chat,{},Group_SUVs.csv,main-features-csv
IZZY-HONDA-ACCORD-10TH-GEN-2022-HYBRID-2-0-2021,Hybrid,Used,Sedan,Honda,Accord 10th-gen 2022 Hybrid 2.0,"80,000 km",Hybrid,2.0L,2021,,CVT,FWD,,,,18400,19400,300700,5,,,,,WhatsApp Chat,{},Group_Sedans.csv,main-features-csv
IZZY-JETOUR-SHANHAI-L7-1-5T-MAX-2024,Hybrid,Used,SUV,Jetour,Shanhai L7 1.5T MAX,"30,000 km",Plug-in hybrid,1.5T,2024,,Automatic,FWD,,,,19100,20100,311550,5,,,120,,WhatsApp Chat,{},Group_SUVs.csv,main-features-csv
IZZY-JETOUR-SHANHAI-T2-C-DM-FOREST-2024,Hybrid,Used,SUV,Jetour,Shanhai T2 C-DM Forest,"20,000 km",Plug-in hybrid,1.5T,2024,,Automatic,,,,,24500,25500,395250,5,,,129,,WhatsApp Chat,{},Group_SUVs.csv,main-features-csv
IZZY-JETOUR-SHANHAI-T2-C-DM-WILDERNESS-2024,Hybrid,Used,SUV,Jetour,Shanhai T2 C-DM Wilderness,"38,000 km",Plug-in hybrid,1.5T,2024,,Automatic,,,,,24000,25000,387500,5,,,129,,WhatsApp Chat,{},Group_SUVs.csv,main-features-csv
IZZY-JETOUR-SHANHAI-T2-2-0T-2024,Hybrid,Used,SUV,Jetour,Shanhai T2 2.0T,"5,000 km",Hybrid,2.0T,2024,,Automatic,,,,,26500,27500,426250,5,,,,,WhatsApp Chat,{},Group_SUVs.csv,main-features-csv
IZZY-JETOUR-ZONGHENG-G700-CDM-O-2-0T-WILDERNESS-2025,Hybrid,Used,SUV,Jetour,Zongheng G700 CDM-O 2.0T Wilderness,"6,000 km",Plug-in hybrid,2.0T,2025,,Automatic,,,,,53500,54500,844750,6,,,,,WhatsApp Chat,{},Group_SUVs.csv,main-features-csv
IZZY-JETOUR-ZONGHENG-G700-CDM-O-2-0T-XIANGJING-2025,Hybrid,Used,SUV,Jetour,Zongheng G700 CDM-O 2.0T Xiangjing,"3,000 km",Plug-in hybrid,2.0T,2025,,Automatic,,,,,50500,51500,798250,5,,,,,WhatsApp Chat,{},Group_SUVs.csv,main-features-csv
IZZY-JETOUR-ZONGHENG-G700-CDM-O-2-0T-ENJOY-2025,Hybrid,Used,SUV,Jetour,Zongheng G700 CDM-O 2.0T Enjoy,"1,000 km",Plug-in hybrid,2.0T,2025,,Automatic,,,,,53000,54000,837000,6,,,,,WhatsApp Chat,{},Group_SUVs.csv,main-features-csv
IZZY-LAND-ROVER-RANGE-ROVER-SPORT-2024-3-0T-48V-2024,Hybrid,Used,SUV,Land Rover,Range Rover Sport 2024 3.0T 48V,"50,000 km",Mild hybrid,3.0T,2024,,Automatic,4WD,,,,114500,115500,1790250,5,,,,,WhatsApp Chat,{},Group_SUVs.csv,main-features-csv
IZZY-LI-AUTO-L9-PRO-SMART-REFRESH-2025,Hybrid,Used,SUV,Li Auto,L9 Pro Smart Refresh,"23,000 km",Range extender,1.5T range extender,2025,,Automatic,,,,,51500,52500,813750,6,,,,,WhatsApp Chat,{},Group_SUVs.csv,main-features-csv
IZZY-LYNK---CO-900-1-5T-ULTRA-2025,Hybrid,Used,MPV,Lynk & Co,900 1.5T Ultra,"8,000 km",Plug-in hybrid,1.5T,2025,,Automatic,,,,,46500,47500,736250,6,,,,,WhatsApp Chat,{},Group_MPVs.csv,main-features-csv
IZZY-MITSUBISHI-OUTLANDER-2023-1-5T-AWD-7-SEAT-2022,Hybrid,Used,SUV,Mitsubishi,Outlander 2023 1.5T AWD 7-seat,"50,000 km",Mild hybrid,1.5T,2022,,CVT,AWD,,,,22900,23900,370450,7,,,,,WhatsApp Chat,{},Group_SUVs.csv,main-features-csv
IZZY-TOYOTA-LAND-CRUISER-PRADO-HEV-TX-2024,Hybrid,Used,SUV,Toyota,Land Cruiser Prado HEV TX,"13,000 km",Hybrid,2.4T,2024,,Automatic,4WD,,,,69500,70500,1092750,5,,,,,WhatsApp Chat,{},Group_SUVs.csv,main-features-csv
IZZY-TOYOTA-RAV4-RONGFANG-HYBRID-ELITE-PLUS-2022,Hybrid,Used,SUV,Toyota,RAV4 Rongfang Hybrid Elite Plus,"63,000 km",Hybrid,2.5L,2022,,CVT,AWD,,,,22500,23500,364250,5,,,,,WhatsApp Chat,{},Group_SUVs.csv,main-features-csv
IZZY-TOYOTA-RAV4-HYBRID-2-5L-2026,Hybrid,Brand new,SUV,Toyota,RAV4 Hybrid 2.5L,,Hybrid,2.5L up to 236hp,2026,,e-CVT,FWD / AWD,,,,31800,32800,508400,5,,,,,WhatsApp Chat,{},Group_SUVs.csv,main-features-csv
IZZY-TOYOTA-COROLLA-CROSS-2-0-HYBRID-ELITE-2026,Hybrid,Brand new,SUV,Toyota,Corolla Cross 2.0 Hybrid Elite,,Hybrid,2.0L,2026,,CVT,FWD,,,White,21100,22100,342550,5,,,,,WhatsApp Chat,{},Group_SUVs.csv,main-features-csv
IZZY-TOYOTA-LEVIN-HYBRID-2019-1-8H-SPORT-2020,Hybrid,Used,Sedan,Toyota,Levin Hybrid 2019 1.8H Sport,"80,000 km",Hybrid,1.8L,2020,,CVT,FWD,,,,11700,12700,196850,5,,,,,WhatsApp Chat,{},Group_Sedans.csv,main-features-csv
IZZY-TOYOTA-COROLLA-DUAL-ENGINE-E--2019-2020,Hybrid,Used,Sedan,Toyota,Corolla Dual Engine E+ 2019,"80,000 km",Hybrid,1.8L,2020,,CVT,FWD,,,,13600,14600,226300,5,,,,,WhatsApp Chat,{},Group_Sedans.csv,main-features-csv
IZZY-TOYOTA-COROLLA-HYBRID-2021-2020,Hybrid,Used,Sedan,Toyota,Corolla Hybrid 2021,"130,000 km",Hybrid,1.8L,2020,,CVT,FWD,,,,13600,14600,226300,5,,,,,WhatsApp Chat,{},Group_Sedans.csv,main-features-csv
IZZY-TOYOTA-COROLLA-HYBRID-2022-PIONEER-2022,Hybrid,Used,Sedan,Toyota,Corolla Hybrid 2022 Pioneer,"32,000 km",Hybrid,1.8L,2022,,CVT,FWD,,,,14500,15500,240250,5,,,,,WhatsApp Chat,{},Group_Sedans.csv,main-features-csv
IZZY-VOYAH-DREAMER-ULTRA-2025-2025,Hybrid,Brand new,MPV,Voyah,Dreamer Ultra 2025,,PHEV,,2025,,Automatic,AWD,,,,62000,63000,976500,7,,,,,WhatsApp Chat,{},Group_MPVs.csv,main-features-csv
IZZY-VOYAH-DREAMER-ULTRA-2026-2026,Hybrid,Brand new,MPV,Voyah,Dreamer Ultra 2026,,PHEV,,2026,,Automatic,AWD,,,,65000,66000,1023000,7,,,,,WhatsApp Chat,{},Group_MPVs.csv,main-features-csv
IZZY-VOYAH-DREAMER-ULTRA-TWO-TONE-2026,Hybrid,Brand new,MPV,Voyah,Dreamer Ultra Two-Tone,,PHEV,,2026,,Automatic,AWD,,,,66000,67000,1038500,7,,,,,WhatsApp Chat,{},Group_MPVs.csv,main-features-csv
IZZY-VOYAH-DREAMER-COLLECTOR-S-EDITION-2025,Hybrid,Brand new,MPV,Voyah,Dreamer Collector's Edition,,PHEV,,2025,,Automatic,AWD,,,,64000,65000,1007500,7,,,,,WhatsApp Chat,{},Group_MPVs.csv,main-features-csv
IZZY-VOYAH-DREAMER-COLLECTOR-S-EDITION-2026-2026,Hybrid,Brand new,MPV,Voyah,Dreamer Collector's Edition 2026,,PHEV,,2026,,Automatic,AWD,,,,67000,68000,1054000,7,,,,,WhatsApp Chat,{},Group_MPVs.csv,main-features-csv
IZZY-VOYAH-DREAMER-COLLECTOR-S-TWO-TONE-2025-2025,Hybrid,Brand new,MPV,Voyah,Dreamer Collector's Two-Tone 2025,,PHEV,,2025,,Automatic,AWD,,,,65000,66000,1023000,7,,,,,WhatsApp Chat,{},Group_MPVs.csv,main-features-csv
IZZY-VOYAH-DREAMER-COLLECTOR-S-TWO-TONE-2026-2026,Hybrid,Brand new,MPV,Voyah,Dreamer Collector's Two-Tone 2026,,PHEV,,2026,,Automatic,AWD,,,,68000,69000,1069500,7,,,,,WhatsApp Chat,{},Group_MPVs.csv,main-features-csv
IZZY-VOYAH-FREE-2021-1-5T-AWD-EREV-PREMIUM-2021,Hybrid,Used,SUV,Voyah,FREE 2021 1.5T AWD EREV Premium,"90,000 km",Range extender,1.5T,2021,,Automatic,AWD,,,,18200,19200,297600,5,,,,,WhatsApp Chat,{},Group_SUVs.csv,main-features-csv
IZZY-XPENG-GX--3-ROW-SUV--EREV-2026,Hybrid,Brand new,SUV,XPeng,GX (3-row SUV) EREV,,Range extender,,2026,,Single-speed,,,,,57300,58300,903650,6,,,430 (EV) / 1585 (combined),,WhatsApp Chat,{},Group_SUVs.csv,main-features-csv
IZZY-ZEEKR-9X-2-0T-MAX-55KWH-2025,Hybrid,Used,SUV,Zeekr,9X 2.0T Max 55kWh,"20,000 km",Range extender,2.0T + electric,2025,,Automatic,AWD,,,,71000,72000,1116000,5,,,,,WhatsApp Chat,{},Group_SUVs.csv,main-features-csv
IZZY-ZEEKR-9X-2026-MAX-2026,Hybrid,Brand new,SUV,Zeekr,9X 2026 Max,,Range extender,2.0T 205kW + dual-motor 660kW,2026,,1-DHT,,,,,81500,82500,1278750,,,300,660 kW,WhatsApp Chat,,{},Group_SUVs.csv,main-features-csv
IZZY-ZEEKR-9X-2026-ULTRA-2026,Hybrid,Brand new,SUV,Zeekr,9X 2026 Ultra,,Range extender,2.0T 205kW + dual-motor 660kW,2026,,1-DHT,,,,,86500,87500,1356250,,,300-380,660 kW,WhatsApp Chat,,{},Group_SUVs.csv,main-features-csv
IZZY-ZEEKR-9X-2026-OBSIDIAN-2026,Hybrid,Brand new,SUV,Zeekr,9X 2026 Obsidian,,Range extender,2.0T 205kW + tri-motor 1030kW,2026,,1-DHT,,,,,103500,104500,1619750,,,355,"1,030 kW",WhatsApp Chat,,{},Group_SUVs.csv,main-features-csv
IZZY-ACURA-RDX-2-0T-PREMIUM-A-SPEC-2020,Fuel,Used,SUV,Acura,RDX 2.0T Premium A-Spec,"60,000 km",Gasoline,2.0T,2020,,Automatic,,,,,32300,33300,516150,5,,,,,WhatsApp Chat,{},Group_SUVs.csv,main-features-csv
IZZY-ACURA-RDX-2-0T-SMART-ENJOYMENT-SH-AWD-2020,Fuel,Used,SUV,Acura,RDX 2.0T Smart Enjoyment SH-AWD,"98,000 km",Gasoline,2.0T,2020,,Automatic,AWD,,,,23700,24700,382850,5,,,,,WhatsApp Chat,{},Group_SUVs.csv,main-features-csv
IZZY-ACURA-CDX-1-5T-FWD-PREMIUM-2019,Fuel,Used,SUV,Acura,CDX 1.5T FWD Premium,"97,000 km",Gasoline,1.5T,2019,,Automatic,FWD,,,,17700,18700,289850,5,,,,,WhatsApp Chat,{},Group_SUVs.csv,main-features-csv
IZZY-BMW-3-SERIES-330LI-M-SPORT-NIGHT-2025,Fuel,Used,Sedan,BMW,3 Series 330Li M Sport Night,"10,000 km",Gasoline,2.0T,2025,,Automatic,RWD,,,,41000,42000,651000,5,,,,,WhatsApp Chat,{},Group_Sedans.csv,main-features-csv
IZZY-BUICK-REGAL-2022-1-5T-552T-2022,Fuel,Used,Sedan,Buick,Regal 2022 1.5T 552T,"80,000 km",Petrol,1.5T,2022,,Automatic,FWD,,,,16000,17000,263500,5,,,,,WhatsApp Chat,{},Group_Sedans.csv,main-features-csv
IZZY-BUICK-REGAL-2020-1-5T-552T-ELITE-2021,Fuel,Used,Sedan,Buick,Regal 2020 1.5T 552T Elite,"50,000 km",Petrol,1.5T,2021,,Automatic,FWD,,,,17000,18000,279000,5,,,,,WhatsApp Chat,{},Group_Sedans.csv,main-features-csv
IZZY-BYD-SONG-2016-1-5TID-GAI-SHI-2016,Fuel,Used,SUV,BYD,Song 2016 1.5TID Gai Shi,"130,000 km",Petrol,1.5TID,2016,,Automatic,FWD,,,,7400,8400,130200,5,,,,,WhatsApp Chat,{},Group_SUVs.csv,main-features-csv
IZZY-BYD-QIN-2014-1-5T-FLAGSHIP-2014,Fuel,Used,Sedan,BYD,Qin 2014 1.5T Flagship,"55,000 km",Petrol,1.5T,2014,,Automatic,FWD,,,,7200,8200,127100,5,,,,,WhatsApp Chat,{},Group_Sedans.csv,main-features-csv
IZZY-BYD-G5-2014-1-5TID-FLAGSHIP-2014,Fuel,Used,Sedan,BYD,G5 2014 1.5TID Flagship,"40,000 km",Petrol,1.5TID,2014,,Automatic,FWD,,,,7200,8200,127100,5,,,,,WhatsApp Chat,{},Group_Sedans.csv,main-features-csv
IZZY-BYD-F3-2015-1-5L-LUXURY-2015,Fuel,Used,Sedan,BYD,F3 2015 1.5L Luxury,"180,000 km",Petrol,1.5L,2015,,Automatic,FWD,,,,6300,7300,113150,5,,,,,WhatsApp Chat,{},Group_Sedans.csv,main-features-csv
IZZY-CATERPILLAR-950GC-WHEEL-LOADER-2025,Fuel,Brand new,Wheel loader,Caterpillar,950GC Wheel Loader,,Diesel,,2025,,,,,,,56800,57800,895900,1,,,,,WhatsApp Chat (machinery),{},Group_Machinery.csv,category-csv
IZZY-CHANGAN-UNI-K-2024,Fuel,Brand new,SUV (Mid-size SUV),Changan,UNI-K,,Gasoline,2.0T,2024,,8AT,FWD / 4WD,,,,17800,18800,291400,5,,,,,Changan brand new cars price list,{},Group_SUVs.csv,main-features-csv
IZZY-CHANGAN-X5-PLUS-1-5T-EXCELLENCE-2024,Fuel,Used,SUV,Changan,X5 Plus 1.5T Excellence,"23,000 km",Gasoline,1.5T,2024,,Automatic,FWD,,,,15000,16000,248000,5,,,,,WhatsApp Chat,{},Group_SUVs.csv,main-features-csv
IZZY-CHANGAN-CS55-PLUS-4TH-GEN-NEW-BLUE-WHALE-1-5T--4-TRIMS--2026,Fuel,Brand new,SUV,Changan,CS55 Plus 4th Gen New Blue Whale 1.5T (4 trims),,Gasoline,1.5T,2026,,Automatic,,,,,16300,17300,268150,5,,,,,WhatsApp Chat,{},Group_SUVs.csv,main-features-csv
IZZY-CHANGAN-X5-PLUS--LUXURY-MT--2026,Fuel,Brand new,SUV,Changan,X5 Plus (Luxury MT),,Petrol,1.5L 110hp,2026,,5MT,FWD,,,,12150,13150,203825,5,,,,,WhatsApp Chat,{},Group_SUVs.csv,main-features-csv
IZZY-CHANGAN-X5-PLUS--HIGH-ENERGY-PRO--2026,Fuel,Brand new,SUV,Changan,X5 Plus (High Energy PRO),,Petrol,1.5T 192hp,2026,,7DCT,FWD,,,,12850,13850,214675,5,,,,,WhatsApp Chat,{},Group_SUVs.csv,main-features-csv
IZZY-CHANGAN-X5-PLUS--PIONEER-PRO--2026,Fuel,Brand new,SUV,Changan,X5 Plus (Pioneer PRO),,Petrol,1.5T 192hp,2026,,7DCT,FWD,,,,13450,14450,223975,5,,,,,WhatsApp Chat,{},Group_SUVs.csv,main-features-csv
IZZY-CHANGAN-X5-PLUS-2026-2026,Fuel,Brand new,SUV,Changan,X5 Plus 2026,,Petrol,1.5T 192hp,2026,,7DCT,FWD,,,,13950,14950,231725,5,,,,,WhatsApp Chat,{},Group_SUVs.csv,main-features-csv
IZZY-CHANGAN-X5-PLUS--EXCELLENCE-PRO--2026,Fuel,Brand new,SUV,Changan,X5 Plus (Excellence PRO),,Petrol,1.5T 192hp,2026,,7DCT,FWD,,,,14550,15550,241025,5,,,,,WhatsApp Chat,{},Group_SUVs.csv,main-features-csv
IZZY-CHANGAN-CS75-2025,Fuel,Brand new,SUV,Changan,CS75,,Petrol,,2025,,Automatic,FWD,,,,17850,18850,292175,5,,,,,WhatsApp Chat,{},Group_SUVs.csv,main-features-csv
IZZY-CHANGAN-X5-PLUS-2025-EXCELLENCE-PRO-2025,Fuel,Brand new,SUV,Changan,X5 Plus 2025 Excellence Pro,,Petrol,1.5T 192hp,2025,,7DCT,FWD,,,,15650,16650,258075,5,,,,,WhatsApp Chat,{},Group_SUVs.csv,main-features-csv
IZZY-CHANGAN-UNI-K-2021-2-0T-EXCELLENCE-2021,Fuel,Used,SUV,Changan,UNI-K 2021 2.0T Excellence,"27,000 km",Petrol,2.0T,2021,,Automatic,FWD,,,,16700,17700,274350,5,,,,,WhatsApp Chat,{},Group_SUVs.csv,main-features-csv
IZZY-CHANGAN-UNI-K-2023-2-0T-2WD-ENJOY-2023,Fuel,Used,SUV,Changan,UNI-K 2023 2.0T 2WD Enjoy,"30,000 km",Petrol,2.0T,2023,,Automatic,2WD,,,,19200,20200,313100,5,,,,,WhatsApp Chat,{},Group_SUVs.csv,main-features-csv
IZZY-CHANGAN-UNI-K-2024-2-0T-2WD-ENJOY-2023,Fuel,Used,SUV,Changan,UNI-K 2024 2.0T 2WD Enjoy,"35,000 km",Petrol,2.0T,2023,,Automatic,2WD,,,,20000,21000,325500,5,,,,,WhatsApp Chat,{},Group_SUVs.csv,main-features-csv
IZZY-CHANGAN-UNI-V-1-5T-2024,Fuel,Brand new,Sedan (Compact car),Changan,UNI-V 1.5T,,Gasoline,1.5T,2024,,7DCT,FWD,,,,13700,14700,227850,5,,,,,Changan brand new cars price list,{},Group_Sedans.csv,main-features-csv
IZZY-CHANGAN-UNI-V-2-0T-2024,Fuel,Brand new,Sedan (Compact car),Changan,UNI-V 2.0T,,Gasoline,2.0T,2024,,8AT,FWD,,,,15500,16500,255750,5,,,,,Changan brand new cars price list,{},Group_Sedans.csv,main-features-csv
IZZY-CHERY-TIGGO-9-2-0T-400T-LUXURY-2023,Fuel,Used,SUV,Chery,Tiggo 9 2.0T 400T Luxury,"75,000 km",Gasoline,2.0T,2023,,Automatic,2WD,,,,18400,19400,300700,5,,,,,WhatsApp Chat,{},Group_SUVs.csv,main-features-csv
IZZY-CHERY-TIGGO-9-2-0T-400T-ULTIMATE-2023,Fuel,Used,SUV,Chery,Tiggo 9 2.0T 400T Ultimate,"10,000 km",Gasoline,2.0T,2023,,Automatic,2WD,,,,22527,23527,364669,7,,,,,WhatsApp Chat,{},Group_SUVs.csv,main-features-csv
IZZY-CHERY-TIGGO-8-PRO-1-6T-290T-LUXURY--2025,Fuel,Used,SUV,Chery,Tiggo 8 PRO 1.6T 290T Luxury+,100 km,Gasoline,1.6T,2025,,Automatic,2WD,,,,19000,20000,310000,5,,,,,WhatsApp Chat,{},Group_SUVs.csv,main-features-csv
IZZY-CHERY-TIGGO-9-2023-400T-AWD-2023,Fuel,Used,SUV,Chery,Tiggo 9 2023 400T AWD,"20,000 km",Petrol,2.0T,2023,,Automatic,AWD,,,,23100,24100,373550,7,,,,,WhatsApp Chat,{},Group_SUVs.csv,main-features-csv
IZZY-CHERY-ARRIZO-8-1-6T-2022,Fuel,Used,Sedan,Chery,Arrizo 8 1.6T,"15,000 km",Gasoline,1.6T,2022,,Automatic,FWD,,,,16800,17800,275900,5,,,,,WhatsApp Chat,{},Group_Sedans.csv,main-features-csv
IZZY-DONGFENG-FENGGUANG-580-PRO-2020,Fuel,Used,SUV,Dongfeng,Fengguang 580 Pro,"90,000 km",Gasoline,1.5T GDI,2020,,Automatic,FWD,,,,8700,9700,150350,7,,,,,WhatsApp Chat,{},Group_SUVs.csv,main-features-csv
IZZY-EXEED-TXL-1-6T-DIAMOND-2019,Fuel,Used,SUV,Exeed,TXL 1.6T Diamond,"140,000 km",Gasoline,1.6T,2019,,Automatic,2WD,,,,9500,10500,162750,5,,,,,WhatsApp Chat,{},Group_SUVs.csv,main-features-csv
IZZY-EXEED-XINGTU-WINDY-2025,Fuel,Used,SUV,Exeed,Xingtu Windy,100 km,Petrol,,2025,,Automatic,,,White / Gray,,15720,16720,259160,5,,,,,WhatsApp Chat,{},Group_SUVs.csv,main-features-csv
IZZY-GAC-TRUMPCHI-GS8-7-SEATER-TOP-CONFIG-2024,Fuel,Brand new,SUV,GAC Trumpchi,GS8 7-Seater Top Config,,Gasoline,,2024,,Automatic,,,,,29400,30400,471200,7,,,,,WhatsApp Chat,{},Group_SUVs.csv,main-features-csv
IZZY-GEELY-EMGRAND-RS-2017-1-3T-2017,Fuel,Used,Hatchback,Geely,Emgrand RS 2017 1.3T,"120,000 km",Petrol,1.3T,2017,,CVT,FWD,,,,7780,8780,136090,5,,,,,WhatsApp Chat,{},Group_Hatchbacks.csv,main-features-csv
IZZY-GEELY-BOYUE-L-1-5TD-PREMIUM-2024,Fuel,Used,SUV,Geely,Boyue L 1.5TD Premium,"21,000 km",Gasoline,1.5TD,2024,,Automatic,FWD,,,,17300,18300,283650,5,,,,,WhatsApp Chat,{},Group_SUVs.csv,main-features-csv
IZZY-GEELY-BOYUE-L-1-5TD-QICHENG-2025,Fuel,Used,SUV,Geely,Boyue L 1.5TD Qicheng,100 km,Gasoline,1.5TD,2025,,Automatic,FWD,,,,18000,19000,294500,5,,,,,WhatsApp Chat,{},Group_SUVs.csv,main-features-csv
IZZY-GEELY-XINGYUE-L-2-0TD-AWD-WANGYUE-2025,Fuel,Used,SUV,Geely,Xingyue L 2.0TD AWD Wangyue,"20,000 km",Gasoline,2.0TD,2025,,Automatic,AWD,,,,24350,25350,392925,5,,,,,WhatsApp Chat,{},Group_SUVs.csv,main-features-csv
IZZY-GEELY-BOYUE-L-2025-SHANHE-1-5TD-2025,Fuel,Used,SUV,Geely,Boyue L 2025 Shanhe 1.5TD,100 km,Petrol,1.5TD,2025,,Automatic,FWD,,,,19900,20900,323950,5,,,,,WhatsApp Chat,{},Group_SUVs.csv,main-features-csv
IZZY-GEELY-EMGRAND-GL-2017-1-8L-ELITE-2017,Fuel,Used,Sedan,Geely,Emgrand GL 2017 1.8L Elite,"73,000 km",Petrol,1.8L,2017,,Manual,FWD,,,,9000,10000,155000,5,,,,,WhatsApp Chat,{},Group_Sedans.csv,main-features-csv
IZZY-HAVAL-H6-1-5T-URBAN-2023,Fuel,Used,SUV,Haval,H6 1.5T Urban,"25,000 km",Gasoline,1.5T,2023,,Automatic,FWD,,,,15000,16000,248000,5,,,,,WhatsApp Chat,{},Group_SUVs.csv,main-features-csv
IZZY-HAVAL-RAPTOR-2-0T-4WD-PRO-2025,Fuel,Used,SUV,Haval,Raptor 2.0T 4WD Pro,"13,000 km",Gasoline,2.0T,2025,,Automatic,4WD,,,,25000,26000,403000,5,,,,,WhatsApp Chat,{},Group_SUVs.csv,main-features-csv
IZZY-HAVAL-H7-2-0T-PREMIUM-2020,Fuel,Used,SUV,Haval,H7 2.0T Premium,"53,000 km",Gasoline,2.0T,2020,,Automatic,,,,,12250,13250,205375,5,,,,,WhatsApp Chat,{},Group_SUVs.csv,main-features-csv
IZZY-HAVAL-H9-2-0T-4WD-ADVENTURE-2024,Fuel,Used,SUV,Haval,H9 2.0T 4WD Adventure,"20,000 km",Gasoline,2.0T,2024,,Automatic,4WD,,,,29450,30450,471975,5,,,,,WhatsApp Chat,{},Group_SUVs.csv,main-features-csv
IZZY-HAVAL-H9-2-0T-4WD-EXTREME-2024,Fuel,Used,SUV,Haval,H9 2.0T 4WD Extreme,"2,000 km",Gasoline,2.0T,2024,,Automatic,4WD,,,,30100,31100,482050,5,,,,,WhatsApp Chat,{},Group_SUVs.csv,main-features-csv
IZZY-HONDA-CR-V-240TURBO-2WD-SMART-2023,Fuel,Used,SUV,Honda,CR-V 240TURBO 2WD Smart,"10,000 km",Gasoline,1.5T,2023,,CVT,2WD,,,,24000,25000,387500,5,,,,,WhatsApp Chat,{},Group_SUVs.csv,main-features-csv
IZZY-HONDA-CR-V-240TURBO-2WD-URBAN-2021,Fuel,Used,SUV,Honda,CR-V 240TURBO 2WD Urban,"40,000 km",Gasoline,1.5T,2021,,CVT,2WD,,,,20800,21800,337900,5,,,,,WhatsApp Chat,{},Group_SUVs.csv,main-features-csv
IZZY-HONDA-CR-V-240TURBO-2WD-COMFORT-2021,Fuel,Used,SUV,Honda,CR-V 240TURBO 2WD Comfort,"60,000 km",Gasoline,1.5T,2021,,CVT,2WD,,,,19000,20000,310000,5,,,,,WhatsApp Chat,{},Group_SUVs.csv,main-features-csv
IZZY-HONDA-CR-V-240TURBO-2WD-VITALITY-2024,Fuel,Used,SUV,Honda,CR-V 240TURBO 2WD Vitality,"15,000 km",Gasoline,1.5T,2024,,CVT,2WD,,,,24900,25900,401450,5,,,,,WhatsApp Chat,{},Group_SUVs.csv,main-features-csv
IZZY-HONDA-CIVIC-180TURBO-COMFORT-2017,Fuel,Used,Sedan,Honda,Civic 180TURBO Comfort,"110,000 km",Gasoline,1.0T,2017,,CVT,FWD,,,,10750,11750,182125,5,,,,,WhatsApp Chat,{},Group_Sedans.csv,main-features-csv
IZZY-HONDA-CIVIC-220TURBO-SPORT-2018,Fuel,Used,Sedan,Honda,Civic 220TURBO Sport,"70,000 km",Gasoline,1.5T,2018,,CVT,FWD,,,,12700,13700,212350,5,,,,,WhatsApp Chat,{},Group_Sedans.csv,main-features-csv
IZZY-HONDA-CIVIC-220TURBO-SPORT-2019,Fuel,Used,Sedan,Honda,Civic 220TURBO Sport,"110,000 km",Gasoline,1.5T,2019,,CVT,FWD,,,,12200,13200,204600,5,,,,,WhatsApp Chat,{},Group_Sedans.csv,main-features-csv
IZZY-HONDA-CIVIC-220TURBO-DYNAMIC-2019,Fuel,Used,Sedan,Honda,Civic 220TURBO Dynamic,"95,000 km",Gasoline,1.5T,2019,,CVT,FWD,,,,13100,14100,218550,5,,,,,WhatsApp Chat,{},Group_Sedans.csv,main-features-csv
IZZY-HONDA-CIVIC-220TURBO-LUXURY-2016,Fuel,Used,Sedan,Honda,Civic 220TURBO Luxury,"110,000 km",Gasoline,1.5T,2016,,CVT,FWD,,,,12700,13700,212350,5,,,,,WhatsApp Chat,{},Group_Sedans.csv,main-features-csv
IZZY-HONDA-CIVIC-HATCHBACK-220-TURBO-2021,Fuel,Used,Sedan,Honda,Civic Hatchback 220 TURBO,"53,000 km",Gasoline,1.5T,2021,,CVT,FWD,,,,17400,18400,285200,5,,,,,WhatsApp Chat,{},Group_Sedans.csv,main-features-csv
IZZY-HONDA-ACCORD-260TURBO-ELITE-2018,Fuel,Used,Sedan,Honda,Accord 260TURBO Elite,"66,000 km",Gasoline,1.5T,2018,,CVT,FWD,,,,16200,17200,266600,5,,,,,WhatsApp Chat,{},Group_Sedans.csv,main-features-csv
IZZY-HONDA-ACCORD-11TH-GEN-2023-1-5T-LUXURY-2023,Fuel,Used,Sedan,Honda,Accord 11th-gen 2023 1.5T Luxury,"50,000 km",Petrol,1.5T,2023,,CVT,FWD,,,,20000,21000,325500,5,,,,,WhatsApp Chat,{},Group_Sedans.csv,main-features-csv
IZZY-HYUNDAI-ELANTRA-2023,Fuel,Brand new,Sedan (Compact car),Hyundai,Elantra,,Gasoline,1.5L 115hp L4,2023,,CVT,FWD,,,,17300,18300,283650,5,4720*1810*1415,,,,TrustedRide X Hangzhou Jingyun (catalog),{},Group_Sedans.csv,main-features-csv
IZZY-HYUNDAI-ELANTRA-1-6-GL-YUEDONG-2018,Fuel,Used,Sedan,Hyundai,Elantra 1.6 GL Yuedong,"54,000 km",Gasoline,1.6L,2018,,Automatic,FWD,,,,10800,11800,182900,5,,,,,WhatsApp Chat,{},Group_Sedans.csv,main-features-csv
IZZY-HYUNDAI-ELANTRA-2-0L-2026,Fuel,Brand new,Sedan,Hyundai,Elantra 2.0L,,Gasoline,2.0L,2026,,IVT Automatic,FWD,,,,16100,17100,265050,5,,,,,WhatsApp Chat,{},Group_Sedans.csv,main-features-csv
IZZY-HYUNDAI-SONATA-2-5L-2026,Fuel,Brand new,Sedan,Hyundai,Sonata 2.5L,,Gasoline,2.5L 191hp,2026,,8-Speed Automatic,FWD,,,,22300,23300,361150,5,,,,,WhatsApp Chat,{},Group_Sedans.csv,main-features-csv
IZZY-JETOUR-DASHENG-1-5T-ELITE-2025,Fuel,Used,SUV,Jetour,Dasheng 1.5T Elite,"5,000 km",Gasoline,1.5T,2025,,Automatic,FWD,,,,18500,19500,302250,5,,,,,WhatsApp Chat,{},Group_SUVs.csv,main-features-csv
IZZY-JETOUR-DASHENG-1-5T-YOUTH-UP-2025,Fuel,Used,SUV,Jetour,Dasheng 1.5T Youth UP,"3,500 km",Gasoline,1.5T,2025,,Automatic,FWD,,,,17700,18700,289850,5,,,,,WhatsApp Chat,{},Group_SUVs.csv,main-features-csv
IZZY-JETOUR-X70-YUEXIANG-2024,Fuel,Used,SUV,Jetour,X70 Yuexiang,"35,000 km",Gasoline,1.5T,2024,,Automatic,FWD,,,,14850,15850,245675,5,,,,,WhatsApp Chat,{},Group_SUVs.csv,main-features-csv
IZZY-JETOUR-X70-CHAOYUE-PRO-2025,Fuel,Used,SUV,Jetour,X70 Chaoyue PRO,"5,000 km",Gasoline,1.5T,2025,,Automatic,FWD,,,,16760,17760,275280,5,,,,,WhatsApp Chat,{},Group_SUVs.csv,main-features-csv
IZZY-JETOUR-X70-BEYOND-PRO-2025,Fuel,Used,SUV,Jetour,X70 Beyond PRO,"15,000 km",Gasoline,1.5T,2025,,Automatic,FWD,,,,17000,18000,279000,7,,,,,WhatsApp Chat,{},Group_SUVs.csv,main-features-csv
IZZY-JETOUR-X70-PLUS-CHAMPION-EDITION-MAX-2025,Fuel,Used,SUV,Jetour,X70 Plus Champion Edition MAX,"1,500 km",Gasoline,1.5T,2025,,Automatic,FWD,,,,18800,19800,306900,5,,,,,WhatsApp Chat,{},Group_SUVs.csv,main-features-csv
IZZY-JETOUR-X70-PLUS-CHAMPION-EDITION-PRO-2024,Fuel,Used,SUV,Jetour,X70 Plus Champion Edition PRO,"12,000 km",Gasoline,1.5T,2024,,Automatic,FWD,,,,16000,17000,263500,5,,,,,WhatsApp Chat,{},Group_SUVs.csv,main-features-csv
IZZY-JETOUR-X70-PLUS-FENG-EDITION-2021,Fuel,Used,SUV,Jetour,X70 Plus Feng Edition,"60,000 km",Gasoline,1.5T,2021,,Manual,FWD,,,,12770,13770,213435,7,,,,,WhatsApp Chat,{},Group_SUVs.csv,main-features-csv
IZZY-JETOUR-X70-PLUS-2021,Fuel,Used,SUV,Jetour,X70 Plus,"52,000 km",Gasoline,1.5T,2021,,Automatic,FWD,,,,13950,14950,231725,5,,,,,WhatsApp Chat,{},Group_SUVs.csv,main-features-csv
IZZY-JETOUR-TRAVELER-2025-2-0TD-XWD-DISCOVERY-2025,Fuel,Used,SUV,Jetour,Traveler 2025 2.0TD XWD Discovery,"14,000 km",Petrol,2.0TD,2025,,Automatic,AWD,,,,25500,26500,410750,5,,,,,WhatsApp Chat,{},Group_SUVs.csv,main-features-csv
IZZY-JETOUR-TRAVELER-2025-2-0TD-4WD-ANNIVERSARY-2025,Fuel,Brand new,SUV,Jetour,Traveler 2025 2.0TD 4WD Anniversary,,Petrol,2.0TD,2025,,Automatic,4WD,,White,,28024,29024,449872,5,,,,,WhatsApp Chat,{},Group_SUVs.csv,main-features-csv
IZZY-KIA-K3S-2014-1-6-GL-2014,Fuel,Used,Hatchback,Kia,K3S 2014 1.6 GL,"100,000 km",Petrol,1.6L,2014,,Automatic,FWD,,,,6800,7800,120900,5,,,,,WhatsApp Chat,{},Group_Hatchbacks.csv,main-features-csv
IZZY-KIA-K3-2015-1-6-GLS-2015,Fuel,Used,Sedan,Kia,K3 2015 1.6 GLS,"50,000 km",Petrol,1.6L,2015,,Manual,FWD,,,,8550,9550,148025,5,,,,,WhatsApp Chat,{},Group_Sedans.csv,main-features-csv
IZZY-LEXUS-NX-2024-NX260-2-5-2024,Fuel,Used,SUV,Lexus,NX 2024 NX260 2.5,"7,000 km",Petrol,2.5L,2024,,Automatic,AWD,,,,40500,41500,643250,5,,,,,WhatsApp Chat,{},Group_SUVs.csv,main-features-csv
IZZY-LEXUS-NX-200-2018-2-0-F-SPORT-2018,Fuel,Used,SUV,Lexus,NX 200 2018 2.0 F-Sport,"90,000 km",Petrol,2.0L,2018,,CVT,AWD,,,,21600,22600,350300,5,,,,,WhatsApp Chat,{},Group_SUVs.csv,main-features-csv
IZZY-LEXUS-NX-200-2020-2-0-F-SPORT-2020,Fuel,Used,SUV,Lexus,NX 200 2020 2.0 F-Sport,"60,000 km",Petrol,2.0L,2020,,CVT,AWD,,,,22000,23000,356500,5,,,,,WhatsApp Chat,{},Group_SUVs.csv,main-features-csv
IZZY-MENGMA-TELEHANDLER-2026,Fuel,Brand new,Telehandler,Mengma,Telehandler,,Diesel,,2026,,,,,,,68500,69500,1077250,1,,,,,WhatsApp Chat (machinery),{},Group_Machinery.csv,category-csv
IZZY-MERCEDES-AMG-E53-4MATIC--3-0T-48V-2021,Fuel,Used,Sedan,Mercedes-AMG,E53 4MATIC+ 3.0T 48V,"30,000 km",Gasoline / Mild hybrid,3.0T,2021,,Automatic,AWD,,,,69700,70700,1095850,5,,,,,WhatsApp Chat,{},Group_Sedans.csv,main-features-csv
IZZY-MERCEDES-BENZ-C-CLASS-C260L-1-5T-48V-SPORT--FACELIFT-III--2024,Fuel,Used,Sedan,Mercedes-Benz,C-Class C260L 1.5T 48V Sport (Facelift III),"13,000 km",Gasoline / Mild hybrid,1.5T,2024,,Automatic,RWD,,,,38500,39500,612250,5,,,,,WhatsApp Chat,{},Group_Sedans.csv,main-features-csv
IZZY-MG-MG5-180DVVT-1-5L-FASHION-MANUAL-2023,Fuel,Brand new,Sedan,MG,MG5 180DVVT 1.5L Fashion Manual,,Gasoline,1.5L,2023,,Manual,FWD,,,White,12600,13600,210800,5,,,,,WhatsApp Chat,{},Group_Sedans.csv,main-features-csv
IZZY-MG-MG5-180DVVT-1-5L-GLOBAL-LUXURY-AUTO-2025,Fuel,Brand new,Sedan,MG,MG5 180DVVT 1.5L Global Luxury Auto,,Gasoline,1.5L,2025,,Automatic,FWD,,,White / Grey,14100,15100,234050,5,,,,,WhatsApp Chat,{},Group_Sedans.csv,main-features-csv
IZZY-NISSAN-QASHQAI-2025-2-0-CVT-XV-2024,Fuel,Used,SUV,Nissan,Qashqai 2025 2.0 CVT XV,"14,000 km",Petrol,2.0L,2024,,CVT,FWD,,,,18800,19800,306900,5,,,,,WhatsApp Chat,{},Group_SUVs.csv,main-features-csv
IZZY-PEUGEOT-408-2019-360THP-PREMIUM-2019,Fuel,Used,Sedan,Peugeot,408 2019 360THP Premium,"80,000 km",Petrol,1.6 THP,2019,,Automatic,FWD,,,,10950,11950,185225,5,,,,,WhatsApp Chat,{},Group_Sedans.csv,main-features-csv
IZZY-PEUGEOT-408-2019-350THP-LUXURY-2019,Fuel,Used,Sedan,Peugeot,408 2019 350THP Luxury,"65,000 km",Petrol,1.6 THP,2019,,Automatic,FWD,,,,11700,12700,196850,5,,,,,WhatsApp Chat,{},Group_Sedans.csv,main-features-csv
IZZY-PORSCHE-CAYENNE-3-6-2009,Fuel,Used,SUV,Porsche,Cayenne 3.6,"280,000 km",Petrol,3.6L,2009,,Automatic,4WD,,,,11000,12000,186000,5,,,,,WhatsApp Chat,{},Group_SUVs.csv,main-features-csv
IZZY-SHANTUI-215-EXCAVATOR-2026,Fuel,Brand new,Excavator,Shantui,215 Excavator,,Diesel,,2026,,,,,,,35125,36125,559938,1,,,,,WhatsApp Chat (machinery),{},Group_Machinery.csv,category-csv
IZZY-SUZUKI-SWIFT-1-5L-FASHION-COOL-2016,Fuel,Used,Sedan,Suzuki,Swift 1.5L Fashion Cool,"60,000 km",Gasoline,1.5L,2016,,Automatic,FWD,,,,7800,8800,136400,5,,,,,WhatsApp Chat,{},Group_Sedans.csv,main-features-csv
IZZY-TOYOTA-FORTUNER-2-7-EXR-2019,Fuel,Used,SUV,Toyota,Fortuner 2.7 EXR,"86,000 km",Gasoline,2.7L,2019,,Automatic,4WD,,,,26500,27500,426250,7,,,,,WhatsApp Chat,{},Group_SUVs.csv,main-features-csv
IZZY-TOYOTA-HIGHLANDER-2-0T-KNIGHT-2019,Fuel,Used,SUV,Toyota,Highlander 2.0T Knight,"100,000 km",Gasoline,2.0T,2019,,Automatic,4WD,,,,22000,23000,356500,7,,,,,WhatsApp Chat,{},Group_SUVs.csv,main-features-csv
IZZY-TOYOTA-C-HR-2-0-COMFORT-2020,Fuel,Used,SUV,Toyota,C-HR 2.0 Comfort,"25,000 km",Gasoline,2.0L,2020,,CVT,FWD,,,,18000,19000,294500,5,,,,,WhatsApp Chat,{},Group_SUVs.csv,main-features-csv
IZZY-TOYOTA-C-HR-2-0-LEADING-2023,Fuel,Used,SUV,Toyota,C-HR 2.0 Leading,"40,000 km",Gasoline,2.0L,2023,,CVT,FWD,,,,17700,18700,289850,5,,,,,WhatsApp Chat,{},Group_SUVs.csv,main-features-csv
IZZY-TOYOTA-RAV4-2-0-URBAN-2023,Fuel,Used,SUV,Toyota,RAV4 2.0 Urban,"100,000 km",Gasoline,2.0L,2023,,CVT,FWD,,,,18900,19900,308450,5,,,,,WhatsApp Chat,{},Group_SUVs.csv,main-features-csv
IZZY-TOYOTA-RAV4-2-0-PIONEER-2019,Fuel,Used,SUV,Toyota,RAV4 2.0 Pioneer,"100,000 km",Gasoline,2.0L,2019,,CVT,2WD,,,,14500,15500,240250,5,,,,,WhatsApp Chat,{},Group_SUVs.csv,main-features-csv
IZZY-TOYOTA-RAV4-RONGFANG-2022-2-0-FASHION-2022,Fuel,Used,SUV,Toyota,RAV4 Rongfang 2022 2.0 Fashion,"50,000 km",Petrol,2.0L,2022,,CVT,2WD,,,,20400,21400,331700,5,,,,,WhatsApp Chat,{},Group_SUVs.csv,main-features-csv
IZZY-TOYOTA-COROLLA-1-6-GL-SPECIAL-2013,Fuel,Used,Sedan,Toyota,Corolla 1.6 GL Special,"80,000 km",Gasoline,1.6L,2013,,Manual,FWD,,,,8000,9000,139500,5,,,,,WhatsApp Chat,{},Group_Sedans.csv,main-features-csv
IZZY-TOYOTA-YARIS-L-2016-1-5E-CHARMING-2016,Fuel,Used,Sedan,Toyota,Yaris L 2016 1.5E Charming,"85,000 km",Petrol,1.5L,2016,,CVT,FWD,,,,9600,10600,164300,5,,,,,WhatsApp Chat,{},Group_Sedans.csv,main-features-csv
IZZY-TOYOTA-YARIS-L-2020-1-5-LEASING-2020,Fuel,Used,Sedan,Toyota,Yaris L 2020 1.5 Leasing,"35,000 km",Petrol,1.5L,2020,,CVT,FWD,,,,12100,13100,203050,5,,,,,WhatsApp Chat,{},Group_Sedans.csv,main-features-csv
IZZY-TOYOTA-YARIS-L-2017-1-5E-SPEED-UPGRADE-2018,Fuel,Used,Sedan,Toyota,Yaris L 2017 1.5E Speed Upgrade,"50,000 km",Petrol,1.5L,2018,,CVT,FWD,,,,10600,11600,179800,5,,,,,WhatsApp Chat,{},Group_Sedans.csv,main-features-csv
IZZY-TOYOTA-YARIS-2011,Fuel,Used,Sedan,Toyota,Yaris,"250,000 km",Petrol,,2011,,Automatic,FWD,,,,6700,7700,119350,5,,,,,WhatsApp Chat,{},Group_Sedans.csv,main-features-csv
IZZY-TOYOTA-YARIS-L-2015-2014,Fuel,Used,Sedan,Toyota,Yaris L 2015,"100,000 km",Petrol,,2014,,Automatic,FWD,,,,7400,8400,130200,5,,,,,WhatsApp Chat,{},Group_Sedans.csv,main-features-csv
IZZY-TOYOTA-COROLLA-2021-1-5L-TNGA-GR-SPORT-2022,Fuel,Used,Sedan,Toyota,Corolla 2021 1.5L TNGA GR Sport,"58,000 km",Petrol,1.5L,2022,,CVT,FWD,,,,19700,20700,320850,5,,,,,WhatsApp Chat,{},Group_Sedans.csv,main-features-csv
IZZY-TOYOTA-COROLLA-2016-1-6L-GL-I-COOL-2016,Fuel,Used,Sedan,Toyota,Corolla 2016 1.6L GL-i Cool,"100,000 km",Petrol,1.6L,2016,,CVT,FWD,,,,10000,11000,170500,5,,,,,WhatsApp Chat,{},Group_Sedans.csv,main-features-csv
IZZY-VOLKSWAGEN-GOLF-GTI-2-0-TSI-2017,Fuel,Used,Hatchback,Volkswagen,Golf GTI 2.0 TSI,"100,000 km",Petrol,2.0 TSI,2017,,Automatic,FWD,,,,15800,16800,260400,5,,,,,WhatsApp Chat,{},Group_Hatchbacks.csv,main-features-csv
IZZY-VOLKSWAGEN-GOLF-GTI-2-0-TSI-2018,Fuel,Used,Hatchback,Volkswagen,Golf GTI 2.0 TSI,"70,000 km",Petrol,2.0 TSI,2018,,Automatic,FWD,,,,20000,21000,325500,5,,,,,WhatsApp Chat,{},Group_Hatchbacks.csv,main-features-csv
IZZY-VOLKSWAGEN-TERAMONT-380TSI-EXCELLENCE-2025,Fuel,Used,SUV,Volkswagen,Teramont 380TSI Excellence,"6,000 km",Gasoline,2.0T,2025,,Automatic,AWD,,,,38500,39500,612250,7,,,,,WhatsApp Chat,{},Group_SUVs.csv,main-features-csv
IZZY-WEY-VV7-2-0T-ULTRA-LUXURY-2019,Fuel,Used,SUV,WEY,VV7 2.0T Ultra-Luxury,"95,000 km",Gasoline,2.0T,2019,,Automatic,FWD,,,,12000,13000,201500,5,,,,,WhatsApp Chat,{},Group_SUVs.csv,main-features-csv
IZZY-WEY-VV7-2019-2-0T-FLAGSHIP-2019,Fuel,Used,SUV,WEY,VV7 2019 2.0T Flagship,"70,000 km",Petrol,2.0T,2019,,Automatic,FWD,,,,12800,13800,213900,5,,,,,WhatsApp Chat,{},Group_SUVs.csv,main-features-csv
IZZY-XCMG-ZL50GN-WHEEL-LOADER-2026,Fuel,Brand new,Wheel loader,XCMG,ZL50GN Wheel Loader,,Diesel,Cummins 162kW (217hp),2026,,,4WD,,,,63297,64297,996604,1,,"5-ton load, 17.5t op. wt, bucket 2.7-4.5 m3",,,WhatsApp Chat (machinery),{},Group_Machinery.csv,category-csv
IZZY-HIGER-6125-2018,Bus,Used,Bus (55-seat),Higer,6125,,Diesel,,2018,,Manual,,,,,36000,37000,573500,55,,,,,WhatsApp Chat (buses),{},Group_Buses.csv,category-csv
IZZY-HYUNDAI-COUNTY-BUS-2018,Bus,Used,"Bus (22-seat, 20 units)",Hyundai,County bus,,Diesel,,2018,,Manual,,,,,21700,22700,351850,22,,,,,WhatsApp Chat (buses),{},Group_Buses.csv,category-csv
IZZY-KINGLONG-6600-2017,Bus,Used,Bus (15-seat),Kinglong,6600,,Diesel,,2017,,Manual,,,,,17500,18500,286750,15,,,,,WhatsApp Chat (buses),{},Group_Buses.csv,category-csv
IZZY-TOYOTA-COASTER-2012,Bus,Used,Bus (20-seat 7m),Toyota,Coaster,,Diesel,4.0L,2012,,Manual,RWD,,,,26500,27500,426250,20,,,,,WhatsApp Chat (buses),{},Group_Buses.csv,category-csv
IZZY-TOYOTA-COASTER-23-SEATER-2016,Bus,Used,Bus (23-seat),Toyota,Coaster 23-seater,,Petrol,V6,2016,,Manual,RWD,,,,35600,36600,567300,23,,,,,WhatsApp Chat,{},Group_Buses.csv,category-csv
IZZY-TOYOTA-COASTER-2022-2022,Bus,Used,Bus,Toyota,Coaster 2022,,Diesel,,2022,,Manual,RWD,,,,25000,26000,403000,20,,,,,WhatsApp Chat,{},Group_Buses.csv,category-csv
IZZY-YUTONG-ZK6119H5Y-2019,Bus,Used,Bus (48-seat 11m coach),Yutong,ZK6119H5Y,,Diesel,Weichai 270hp,2019,,Manual,,,,,37500,38500,596750,48,,,,,WhatsApp Chat (buses),{},Group_Buses.csv,category-csv
IZZY-YUTONG-ZK6906H5Y-2019,Bus,Used,Bus (38-seat 9m coach),Yutong,ZK6906H5Y,,Diesel,Weichai 245hp,2019,,Manual,,,,,35000,36000,558000,38,,,,,WhatsApp Chat (buses),{},Group_Buses.csv,category-csv
IZZY-YUTONG-6127-2013,Bus,Used,Bus (47-seat),Yutong,6127,,Diesel,,2013,,Manual,,,,,27500,28500,441750,47,,,,,WhatsApp Chat (buses),{},Group_Buses.csv,category-csv
IZZY-BYD-SHARK-6-PREMIUM-4WD-HYBRID-2025,Heavy,Brand new,Pickup truck,BYD,Shark 6 Premium 4WD Hybrid,,Hybrid,DMO PHEV,2025,,Automatic,4WD,,,,39500,40500,627750,5,,,,,WhatsApp Chat,{},Group_Pickup Trucks.csv,main-features-csv
IZZY-BYD-SHARK-6-ADVANCED-HYBRID-2025,Heavy,Brand new,Pickup truck,BYD,Shark 6 Advanced Hybrid,,Hybrid,DMO PHEV,2025,,Automatic,4WD,,,,38000,39000,604500,5,,,,,WhatsApp Chat,{},Group_Pickup Trucks.csv,main-features-csv
IZZY-CHANGAN--QIYUAN--HUNTER-K50-LONG-CARGO-4WD-SMART-PREMIUM-2026,Heavy,Brand new,Pickup truck,Changan (Qiyuan),Hunter K50 Long cargo 4WD Smart Premium,,Range extender,2.0T range extender + dual-motor 4WD,2026,,Automatic,4WD,,,Gray / White / Black,24800,25800,399900,5,,,181,,WhatsApp Chat,{},Group_Pickup Trucks.csv,main-features-csv
IZZY-CHANGAN--QIYUAN--HUNTER-K50-LONG-CARGO-4WD-LUXURY-2026,Heavy,Brand new,Pickup truck,Changan (Qiyuan),Hunter K50 Long cargo 4WD Luxury,,Range extender,2.0T range extender + dual-motor 4WD,2026,,Automatic,4WD,,,Gray / White / Black / Blue,23900,24900,385950,5,,,181,,WhatsApp Chat,{},Group_Pickup Trucks.csv,main-features-csv
IZZY-CHANGAN--QIYUAN--HUNTER-K50-STANDARD-CARGO-4WD-LUXURY-2026,Heavy,Brand new,Pickup truck,Changan (Qiyuan),Hunter K50 Standard cargo 4WD Luxury,,Range extender,2.0T range extender + dual-motor 4WD,2026,,Automatic,4WD,,,White,23700,24700,382850,5,,,181,,WhatsApp Chat,{},Group_Pickup Trucks.csv,main-features-csv
IZZY-FORD-F-150-RAPTOR-3-5T-2025,Heavy,Used,Pickup truck,Ford,F-150 Raptor 3.5T,"10,000 km",Gasoline,3.5T,2025,,Automatic,4WD,,,,63000,64000,992000,5,,,,,WhatsApp Chat,{},Group_Pickup Trucks.csv,main-features-csv
IZZY-HOWO-TIPPER-TRUCK-2025-2025,Heavy,Brand new,Dump truck,Howo,Tipper truck 2025,,Diesel,,2025,,Manual,,,,,48320,49320,764460,3,,,,,WhatsApp Chat (heavy duty),{},Group_Trucks & Cranes.csv,category-csv
IZZY-HOWO-TRUCK--STANDARD-NEW--2025,Heavy,Brand new,Truck,Howo,Truck (standard new),,Diesel,,2025,,Manual,,,,,23700,24700,382850,3,,,,,WhatsApp Chat (heavy duty),{},Group_Trucks & Cranes.csv,category-csv
IZZY-HOWO-REFRIGERATED-BOX-TRUCK-2025,Heavy,Brand new,Refrigerated box truck,HOWO,Refrigerated box truck,,Diesel,,2025,,Manual,,,,,29000,30000,465000,3,,,,,WhatsApp Chat (heavy duty),{},Group_Trucks & Cranes.csv,category-csv
IZZY-HOWO-KNUCKLE-BOOM-CRANE-TRUCK-WITH-LADDER-2025,Heavy,Brand new,Knuckle boom crane truck (6x4),HOWO,Knuckle boom crane truck with ladder,,Diesel,,2025,,Manual,6x4,,,,66520,67520,1046560,3,,,,,WhatsApp Chat (heavy duty),{},Group_Trucks & Cranes.csv,category-csv
IZZY-HOWO-CONCRETE-MIXER-2025-2025,Heavy,Brand new,Concrete mixer truck,HOWO,Concrete mixer 2025,,Diesel,,2025,,Manual,,,,,50625,51625,800188,3,,,,,WhatsApp Chat (heavy duty),{},Group_Trucks & Cranes.csv,category-csv
IZZY-JMC-DADAO-2-3T-EXPLORER-EXTREME-2024,Heavy,Used,Pickup truck,JMC,Dadao 2.3T Explorer Extreme,"20,000 km",Diesel,2.3T,2024,,Automatic,4WD,,,,29200,30200,468100,5,,,,,WhatsApp Chat,{},Group_Pickup Trucks.csv,main-features-csv
IZZY-SHACMAN-F3000-DUMP-TRUCK-2025,Heavy,Brand new,Dump truck (8x4),Shacman,F3000 Dump Truck,,Diesel,25 m3,2025,,Manual,8x4,,,,50414,51414,796917,3,,,,,WhatsApp Chat (heavy duty),{},Group_Trucks & Cranes.csv,category-csv
IZZY-SHACMAN-STYLE-BOOM-TRUCK-2025,Heavy,Brand new,Truck-mounted crane (16-ton),Shacman-style,Boom truck,,Diesel,16-ton crane,2025,,Manual,,,,,64300,65300,1012150,3,,,,,WhatsApp Chat (heavy duty),{},Group_Trucks & Cranes.csv,category-csv
IZZY-SHACMAN-HOWO-DUMP-TRUCK--CUSTOM--2025,Heavy,Brand new,Dump truck,Shacman/Howo,Dump truck (custom),,Diesel,,2025,,Manual,,,,,45500,46500,720750,3,,,,,WhatsApp Chat (heavy duty),{},Group_Trucks & Cranes.csv,category-csv
IZZY-SINOTRUK-CARGO-TRUCK-2025,Heavy,Brand new,Cargo truck,Sinotruk,Cargo truck,,Diesel,,2025,,Manual,,,,,24400,25400,393700,3,,,,,WhatsApp Chat (heavy duty),{},Group_Trucks & Cranes.csv,category-csv
IZZY-SINOTRUK-HOWO-HOWO-371-DUMP-TRUCK-2025,Heavy,Brand new,Dump truck (6x4),Sinotruk HOWO,HOWO 371 Dump Truck,,Diesel,"371hp, 16 m3",2025,,10-Speed Manual,6x4,,,,49500,50500,782750,3,,25-30 ton payload,,,WhatsApp Chat (heavy duty),{},Group_Trucks & Cranes.csv,category-csv
IZZY-SINOTRUK-HOWO-HOWO-371-TIPPER-2025,Heavy,Brand new,Dump truck (8x4 25m3),Sinotruk HOWO,HOWO 371 tipper,,Diesel,371hp,2025,,Manual,8x4,,,,49500,50500,782750,3,,,,,WhatsApp Chat (heavy duty),{},Group_Trucks & Cranes.csv,category-csv
IZZY-XCMG-TRUCK-CRANE-2025,Heavy,Brand new,Truck crane (mobile crane),XCMG,Truck crane,,Diesel,,2025,,Manual,,,,,38500,39500,612250,3,,,,,WhatsApp Chat (heavy duty),{},Group_Trucks & Cranes.csv,category-csv
IZZY-CHINESE-MAKE-400CC-TWIN-CYLINDER-WATER-COOLED-2026,Other,Brand new,Motorcycle,Chinese make,400CC twin-cylinder water-cooled,,Gasoline,400cc twin-cylinder water-cooled,2026,,,,,,,39000,40000,620000,2,,,,,WhatsApp Chat (motorcycles),{},Group_Motorcycles.csv,category-csv
IZZY-CHINESE-MAKE-250CC-SINGLE-CYLINDER-2026,Other,Brand new,Motorcycle,Chinese make,250CC single-cylinder,,Gasoline,250cc single-cylinder,2026,,,,,,,32350,33350,516925,2,,,,,WhatsApp Chat (motorcycles),{},Group_Motorcycles.csv,category-csv
IZZY-CHINESE-MAKE-500CC-MOTORCYCLES-2026,Other,Brand new,Motorcycle,Chinese make,500CC Motorcycles,,Gasoline,500cc,2026,,,,,,,56035,57035,884043,2,,,,,WhatsApp Chat (motorcycles),{},Group_Motorcycles.csv,category-csv
IZZY-CHINESE-MAKE-S9-2026,Other,Brand new,Scooter,Chinese make,S9,,Gasoline,,2026,,,,,,,16315,17315,268383,2,,,,,WhatsApp Chat (motorcycles),{},Group_Scooters.csv,category-csv
IZZY-CHINESE-MAKE-FUEL-POWERED-TRICYCLE-2026,Other,Brand new,Tricycle (2T load),Chinese make,Fuel-powered tricycle,,Gasoline,,2026,,,,,,,3,1003,15547,,,,,WhatsApp Chat (motorcycles),,{},Group_Tricycles.csv,category-csv
IZZY-DRIVETRON-DT01--36V-7-8AH--2026,Other,Brand new,Electric scooter,DriveTron,DT01 (36V 7.8Ah),,Pure electric,36V 7.8Ah,2026,,,,,,,2,1002,15531,,,,,DriveTron quotation,,{},Group_Scooters.csv,category-csv
IZZY-DRIVETRON-DT01--36V-10-4AH--2026,Other,Brand new,Electric scooter,DriveTron,DT01 (36V 10.4Ah),,Pure electric,36V 10.4Ah,2026,,,,,,,2,1002,15531,,,,,DriveTron quotation,,{},Group_Scooters.csv,category-csv
IZZY-GOLDEN-WAVE-GOLDEN-WAVE-180--180-WATER-COOLED--2026,Other,Brand new,Motorcycle,Golden Wave,Golden Wave 180 (180 water-cooled),,Gasoline,180cc water-cooled,2026,,,,,,"33,400 cedis DDP",2,1002,15531,,"Dual ABS, airbags, TFT, NFC",,,WhatsApp Chat (motorcycles),,{},Group_Motorcycles.csv,category-csv
IZZY-HONDA--IMITATION--ADV350-IMITATION-2026,Other,Brand new,Motorcycle,Honda (imitation),ADV350 imitation,,Gasoline,350cc water-cooled electric injection,2026,,,,,,,55200,56200,871100,2,,Imitation Honda ADV350,,,WhatsApp Chat (motorcycles),{},Group_Motorcycles.csv,category-csv
IZZY-HONDA-180-HONDA-180-WATER-COOLED-2026,Other,Brand new,Motorcycle,Honda 180,Honda 180 water-cooled,,Gasoline,180cc water-cooled,2026,,,,,,"29,400 cedis DDP",2,1002,15531,,"Dual ABS, airbags, TFT, NFC",,,WhatsApp Chat (motorcycles),,{},Group_Motorcycles.csv,category-csv
IZZY-PCX-STYLE-PCX-HONDA-150-WATER-COOLED-2026,Other,Brand new,Motorcycle,PCX-style,PCX Honda 150 water-cooled,,Gasoline,150cc water-cooled,2026,,,,,,"25,245 cedis DDP",2,1002,15531,,"CBS disc brakes, keyless ignition",,,WhatsApp Chat (motorcycles),,{},Group_Motorcycles.csv,category-csv
IZZY-PCX-STYLE-PCX2-HONDA-150-WATER-COOLED-2026,Other,Brand new,Motorcycle,PCX-style,PCX2 Honda 150 water-cooled,,Gasoline,150cc water-cooled,2026,,,,,,"26,400 cedis DDP",2,1002,15531,,"CBS disc brakes, keyless ignition",,,WhatsApp Chat (motorcycles),,{},Group_Motorcycles.csv,category-csv